Month,Category,count,mean_magnitude,mean_depth,max_magnitude
9,Moderate,25,4.452,46.36,4.9
9,Weak,42,3.3238095238095235,23.80952380952381,3.9
10,Moderate,19,4.636842105263158,85.3157894736842,6.0
10,Weak,14,3.2642857142857147,21.428571428571427,3.9
